Latitude,Longitude,PlaceID,Road Name
35.65905980297945,139.70268939442863,ChIJ57eISFiLGGARVq-FsjHhCcc,Meiji-dori Avenue
35.65876050000001,139.7028369,ChIJ57eISFiLGGARVq-FsjHhCcc,Meiji-dori Avenue
35.65876050000001,139.7028369,ChIJ57eISFiLGGAR-Mpk7-15woA,Meiji-dori Avenue
35.65859539999999,139.7029135,ChIJ57eISFiLGGAR-Mpk7-15woA,Meiji-dori Avenue
35.65859539999999,139.7029135,ChIJyaJ1TFiLGGARJvQVRKy_vck,Meiji-dori Avenue
35.658519500000004,139.7029519,ChIJyaJ1TFiLGGARJvQVRKy_vck,Meiji-dori Avenue
35.658519500000004,139.7029519,ChIJhwmWTFiLGGARvjKmUjRqIyw,Meiji-dori Avenue
35.65837199999999,139.7030231,ChIJhwmWTFiLGGARvjKmUjRqIyw,Meiji-dori Avenue
35.65837199999999,139.7030231,ChIJv18As1mLGGARgq5fjQCIVCk,Meiji-dori Avenue
35.6581632,139.7031279,ChIJv18As1mLGGARgq5fjQCIVCk,Meiji-dori Avenue
35.6581632,139.7031279,ChIJuUHFsVmLGGARujs1ZnZ9UH0,Meiji-dori Avenue
35.658124199999996,139.7031536,ChIJuUHFsVmLGGARujs1ZnZ9UH0,Meiji-dori Avenue
35.6580868,139.7031831,ChIJuUHFsVmLGGARujs1ZnZ9UH0,Meiji-dori Avenue
35.65798039999999,139.70328690000002,ChIJuUHFsVmLGGARujs1ZnZ9UH0,Meiji-dori Avenue
35.65798039999999,139.70328690000002,ChIJ87hPpFmLGGARlBn0GsGSvdc,Meiji-dori Avenue
35.6578616,139.7033986,ChIJ87hPpFmLGGARlBn0GsGSvdc,Meiji-dori Avenue
35.657744099999995,139.7035263,ChIJ87hPpFmLGGARlBn0GsGSvdc,Meiji-dori Avenue
35.6576532,139.7036493,ChIJ87hPpFmLGGARlBn0GsGSvdc,Meiji-dori Avenue
35.6576532,139.7036493,ChIJUSFyoVmLGGARbYIx_XXlQVk,Meiji-dori Avenue
35.6575227,139.7038077,ChIJUSFyoVmLGGARbYIx_XXlQVk,Meiji-dori Avenue
35.6575227,139.7038077,ChIJ-T5jdlmLGGAR7QXrrwnvq9E,Meiji-dori Avenue
35.6573862,139.7039953,ChIJ-T5jdlmLGGAR7QXrrwnvq9E,Meiji-dori Avenue
35.657149,139.7043075,ChIJ-T5jdlmLGGAR7QXrrwnvq9E,Meiji-dori Avenue
35.657149,139.7043075,ChIJ5yhFe1mLGGARLJ3Ogz6J5rM,Meiji-dori Avenue
35.6568593,139.7046743,ChIJ5yhFe1mLGGARLJ3Ogz6J5rM,Meiji-dori Avenue
35.6568593,139.7046743,ChIJtyPb3luLGGARhjicJ9n_csI,Meiji-dori Avenue
35.6564859,139.70514670000003,ChIJtyPb3luLGGARhjicJ9n_csI,Meiji-dori Avenue
35.6564859,139.70514670000003,ChIJeYdx6FuLGGARv2aUUzxCUeU,Meiji-dori Avenue
35.6562877,139.7054106,ChIJeYdx6FuLGGARv2aUUzxCUeU,Meiji-dori Avenue
35.6562877,139.7054106,ChIJtwQ77VuLGGAReiYlLjsgnsk,Meiji-dori Avenue
35.6558436,139.70599819999998,ChIJtwQ77VuLGGAReiYlLjsgnsk,Meiji-dori Avenue
35.6558436,139.70599819999998,ChIJuzTajluLGGAR5-wZjtmHc8M,Meiji-dori Avenue
35.6557817,139.7060727,ChIJuzTajluLGGAR5-wZjtmHc8M,Meiji-dori Avenue
35.6556821,139.7061709,ChIJuzTajluLGGAR5-wZjtmHc8M,Meiji-dori Avenue
35.6556821,139.7061709,ChIJ41JMhluLGGARKRc9eKYo_mM,Meiji-dori Avenue
35.655477899999994,139.7063919,ChIJ41JMhluLGGARKRc9eKYo_mM,Meiji-dori Avenue
35.655477899999994,139.7063919,ChIJyXBYf1yLGGARN7zS6BwPfs0,Kamakura-Kaido Avenue
35.6554113,139.7064692,ChIJyXBYf1yLGGARN7zS6BwPfs0,Kamakura-Kaido Avenue
35.6554113,139.7064692,ChIJyXBYf1yLGGARJnyzIMi-t9g,Kamakura-Kaido Avenue
35.6553671,139.7065312,ChIJyXBYf1yLGGARJnyzIMi-t9g,Kamakura-Kaido Avenue
35.6553671,139.7065312,ChIJ_TGif1yLGGAR6ZMxS_WTq24,Meiji-dori Avenue
35.65530100000001,139.706619,ChIJ_TGif1yLGGAR6ZMxS_WTq24,Meiji-dori Avenue
35.65530100000001,139.706619,ChIJ96pShVyLGGARF27L0PWDz4I,Dōro
35.655265199999995,139.7066615,ChIJ96pShVyLGGARF27L0PWDz4I,Dōro
35.6552429,139.7066929,ChIJ96pShVyLGGARF27L0PWDz4I,Dōro
35.655222900000005,139.70671579999998,ChIJ96pShVyLGGARF27L0PWDz4I,Dōro
35.65515369999999,139.7067854,ChIJ96pShVyLGGARF27L0PWDz4I,Dōro
35.655014099999995,139.70691499999998,ChIJ96pShVyLGGARF27L0PWDz4I,Dōro
35.654688799999995,139.7071923,ChIJ96pShVyLGGARF27L0PWDz4I,Dōro
35.6545652,139.70730079999998,ChIJ96pShVyLGGARF27L0PWDz4I,Dōro
35.65449720000001,139.70737119999998,ChIJ96pShVyLGGARF27L0PWDz4I,Dōro
35.65442180000001,139.70745829999998,ChIJ96pShVyLGGARF27L0PWDz4I,Dōro
35.65442180000001,139.70745829999998,ChIJ9XNGv1yLGGARR7uMsvo32Sg,Meiji-dori Avenue
35.6541904,139.7077903,ChIJ9XNGv1yLGGARR7uMsvo32Sg,Meiji-dori Avenue
35.6541904,139.7077903,ChIJ9XNGv1yLGGARmogE1XZDZO0,Meiji-dori Avenue
35.6541199,139.7078822,ChIJ9XNGv1yLGGARmogE1XZDZO0,Meiji-dori Avenue
35.6541199,139.7078822,ChIJkUXqzlyLGGARyQd9s14A5Zg,Meiji-dori Avenue
35.6539335,139.7081457,ChIJkUXqzlyLGGARyQd9s14A5Zg,Meiji-dori Avenue
35.653843599999995,139.70826399999999,ChIJkUXqzlyLGGARyQd9s14A5Zg,Meiji-dori Avenue
35.6538141,139.7082997,ChIJkUXqzlyLGGARyQd9s14A5Zg,Meiji-dori Avenue
35.65372889999999,139.708393,ChIJkUXqzlyLGGARyQd9s14A5Zg,Meiji-dori Avenue
35.65372889999999,139.708393,ChIJ2cgbLUOLGGARj07ForPZ0yA,Meiji-dori Avenue
35.65371179999999,139.7084108,ChIJ2cgbLUOLGGARj07ForPZ0yA,Meiji-dori Avenue
35.6536061,139.7085047,ChIJ2cgbLUOLGGARj07ForPZ0yA,Meiji-dori Avenue
35.653484399999996,139.7086095,ChIJ2cgbLUOLGGARj07ForPZ0yA,Meiji-dori Avenue
35.653484399999996,139.7086095,ChIJeSrGKEOLGGARVnRBxtC_j1s,Meiji-dori Avenue
35.653365199999996,139.7086903,ChIJeSrGKEOLGGARVnRBxtC_j1s,Meiji-dori Avenue
35.6533021,139.7087293,ChIJeSrGKEOLGGARVnRBxtC_j1s,Meiji-dori Avenue
35.6532111,139.7087813,ChIJeSrGKEOLGGARVnRBxtC_j1s,Meiji-dori Avenue
35.6530947,139.7088421,ChIJeSrGKEOLGGARVnRBxtC_j1s,Meiji-dori Avenue
35.6530947,139.7088421,ChIJx30hJ0OLGGARYyu2P9auFZw,Meiji-dori Avenue
35.6530011,139.70888399999998,ChIJx30hJ0OLGGARYyu2P9auFZw,Meiji-dori Avenue
35.6530011,139.70888399999998,ChIJd5LPIEOLGGARwUpiy8Xtwaw,Meiji-dori Avenue
35.652933499999996,139.708903,ChIJd5LPIEOLGGARwUpiy8Xtwaw,Meiji-dori Avenue
35.652933499999996,139.708903,ChIJnQQzHkOLGGARcliGPS1f7AI,Meiji-dori Avenue
35.6528773,139.7089236,ChIJnQQzHkOLGGARcliGPS1f7AI,Meiji-dori Avenue
35.6527697,139.7089492,ChIJnQQzHkOLGGARcliGPS1f7AI,Meiji-dori Avenue
35.6527203,139.7089585,ChIJnQQzHkOLGGARcliGPS1f7AI,Meiji-dori Avenue
35.652643399999995,139.7089693,ChIJnQQzHkOLGGARcliGPS1f7AI,Meiji-dori Avenue
35.652639976663735,139.70896968880598,ChIJnQQzHkOLGGARcliGPS1f7AI,Meiji-dori Avenue
35.6524585,139.70899029999998,ChIJnQQzHkOLGGARcliGPS1f7AI,Meiji-dori Avenue
35.65223580000001,139.7090108,ChIJnQQzHkOLGGARcliGPS1f7AI,Meiji-dori Avenue
35.65223580000001,139.7090108,ChIJy8tXHUOLGGAR3ziWN4uUS9g,Meiji-dori Avenue
35.6521523,139.7090175,ChIJy8tXHUOLGGAR3ziWN4uUS9g,Meiji-dori Avenue
35.6521523,139.7090175,ChIJA-X0_UKLGGARJ2jwRZbqqsI,Meiji-dori Avenue
35.6518709,139.709038,ChIJA-X0_UKLGGARJ2jwRZbqqsI,Meiji-dori Avenue
35.6517525,139.7090405,ChIJA-X0_UKLGGARJ2jwRZbqqsI,Meiji-dori Avenue
35.6517525,139.7090405,ChIJ-_o-VUKLGGARHe91icLFYFw,Meiji-dori Avenue
35.6516626,139.7090514,ChIJ-_o-VUKLGGARHe91icLFYFw,Meiji-dori Avenue
35.65154179999999,139.7090732,ChIJ-_o-VUKLGGARHe91icLFYFw,Meiji-dori Avenue
35.651427999999996,139.7090984,ChIJ-_o-VUKLGGARHe91icLFYFw,Meiji-dori Avenue
35.6513618,139.7091293,ChIJ-_o-VUKLGGARHe91icLFYFw,Meiji-dori Avenue
35.6513618,139.7091293,ChIJhYjcTUKLGGARcHac3LRfJ-E,Meiji-dori Avenue
35.651220800000004,139.70919569999998,ChIJhYjcTUKLGGARcHac3LRfJ-E,Meiji-dori Avenue
35.651122099999995,139.7092463,ChIJhYjcTUKLGGARcHac3LRfJ-E,Meiji-dori Avenue
35.6510519,139.70928519999998,ChIJhYjcTUKLGGARcHac3LRfJ-E,Meiji-dori Avenue
35.65095889999999,139.70934610000003,ChIJhYjcTUKLGGARcHac3LRfJ-E,Meiji-dori Avenue
35.650779590787174,139.7094590158508,ChIJhYjcTUKLGGARcHac3LRfJ-E,Meiji-dori Avenue
35.6507685,139.709466,ChIJhYjcTUKLGGARcHac3LRfJ-E,Meiji-dori Avenue
35.6507685,139.709466,ChIJA87YN0KLGGARfPbzgcD9e78,Meiji-dori Avenue
35.6507321,139.7094929,ChIJA87YN0KLGGARfPbzgcD9e78,Meiji-dori Avenue
35.6506316,139.70957579999998,ChIJA87YN0KLGGARfPbzgcD9e78,Meiji-dori Avenue
35.6505693,139.7096295,ChIJA87YN0KLGGARfPbzgcD9e78,Meiji-dori Avenue
35.6505693,139.7096295,ChIJ03utO0KLGGARfBQ9bqSQ2o0,Meiji-dori Avenue
35.65052120000001,139.7096709,ChIJ03utO0KLGGARfBQ9bqSQ2o0,Meiji-dori Avenue
35.6504386,139.7097506,ChIJ03utO0KLGGARfBQ9bqSQ2o0,Meiji-dori Avenue
35.6502427,139.70995969999998,ChIJ03utO0KLGGARfBQ9bqSQ2o0,Meiji-dori Avenue
35.650207099999996,139.7099996,ChIJ03utO0KLGGARfBQ9bqSQ2o0,Meiji-dori Avenue
35.650207099999996,139.7099996,ChIJGdW2I0KLGGARFewfRZHuo7U,Meiji-dori Avenue
35.6501368,139.7100774,ChIJGdW2I0KLGGARFewfRZHuo7U,Meiji-dori Avenue
35.6499953,139.71024169999998,ChIJGdW2I0KLGGARFewfRZHuo7U,Meiji-dori Avenue
35.6499953,139.71024169999998,ChIJ71eHH0KLGGAR8082MsCdfLM,Meiji-dori Avenue
35.6499748,139.7102695,ChIJ71eHH0KLGGAR8082MsCdfLM,Meiji-dori Avenue
35.6499748,139.7102695,ChIJ2Z9L9EGLGGAR973qdIfb2Vs,Meiji-dori Avenue
35.6496402,139.71064149999998,ChIJ2Z9L9EGLGGAR973qdIfb2Vs,Meiji-dori Avenue
35.6495627,139.710732,ChIJ2Z9L9EGLGGAR973qdIfb2Vs,Meiji-dori Avenue
35.6495627,139.710732,ChIJ30_m70GLGGARGQWYoJ_2UMk,Meiji-dori Avenue
35.649339399999995,139.7109774,ChIJ30_m70GLGGARGQWYoJ_2UMk,Meiji-dori Avenue
35.649339399999995,139.7109774,ChIJheF35kGLGGARD8MqzilgaKw,Meiji-dori Avenue
35.649108999999996,139.7112125,ChIJheF35kGLGGARD8MqzilgaKw,Meiji-dori Avenue
35.649108999999996,139.7112125,ChIJC5UD3kGLGGARtZiZlBdwXvo,Dōro
35.6490084,139.7113231,ChIJC5UD3kGLGGARtZiZlBdwXvo,Dōro
35.6490084,139.7113231,ChIJz5v43kGLGGARMPjfazHZmD8,Meiji-dori Avenue
35.64893299999999,139.7114278,ChIJz5v43kGLGGARMPjfazHZmD8,Meiji-dori Avenue
35.64893299999999,139.7114278,ChIJNeo730GLGGARFls2rZGX-uc,Meiji-dori Avenue
35.6488903,139.7114876,ChIJNeo730GLGGARFls2rZGX-uc,Meiji-dori Avenue
35.6488903,139.7114876,ChIJZ4mt2EGLGGAREMru33Z83SE,Meiji-dori Avenue
35.6488641,139.7115599,ChIJZ4mt2EGLGGAREMru33Z83SE,Meiji-dori Avenue
35.648835999999996,139.7116533,ChIJZ4mt2EGLGGAREMru33Z83SE,Meiji-dori Avenue
35.648835999999996,139.7116533,ChIJbdIad2qLGGARilLT6oh0yTI,Meiji-dori Avenue
35.6487635,139.711978,ChIJbdIad2qLGGARilLT6oh0yTI,Meiji-dori Avenue
35.6487635,139.711978,ChIJ1eSecGqLGGARWdZrG5YhMX0,Unnamed Road
35.6488209,139.71199009999998,ChIJ1eSecGqLGGARWdZrG5YhMX0,Unnamed Road
35.6488209,139.71199009999998,ChIJeewdcWqLGGARoda22mOV7RM,Unnamed Road
35.648879400000006,139.7119949,ChIJeewdcWqLGGARoda22mOV7RM,Unnamed Road
35.6489213,139.7119952,ChIJeewdcWqLGGARoda22mOV7RM,Unnamed Road
35.649044499999995,139.7119917,ChIJeewdcWqLGGARoda22mOV7RM,Unnamed Road
35.649044499999995,139.7119917,ChIJufeecWqLGGARTtbTigsqz2E,Unnamed Road
35.649048699999994,139.7121244,ChIJufeecWqLGGARTtbTigsqz2E,Unnamed Road
35.649048699999994,139.7121244,ChIJL4gHb2qLGGARBo1rksvojjE,Unnamed Road
35.6490483,139.7124734,ChIJL4gHb2qLGGARBo1rksvojjE,Unnamed Road
35.6490539,139.7125946,ChIJL4gHb2qLGGARBo1rksvojjE,Unnamed Road
35.6490539,139.7125946,ChIJS6PeZ2qLGGARcqtKTA91LuI,Unnamed Road
35.6490588,139.71266219999998,ChIJS6PeZ2qLGGARcqtKTA91LuI,Unnamed Road
35.6490723,139.7127543,ChIJS6PeZ2qLGGARcqtKTA91LuI,Unnamed Road
35.649096,139.7128902,ChIJS6PeZ2qLGGARcqtKTA91LuI,Unnamed Road
35.649096,139.7128902,ChIJlz6bXGqLGGARYP3yZg9YI5E,Unnamed Road
35.649144799999995,139.7131533,ChIJlz6bXGqLGGARYP3yZg9YI5E,Unnamed Road
35.649189799999995,139.7133725,ChIJlz6bXGqLGGARYP3yZg9YI5E,Unnamed Road
35.649189799999995,139.7133725,ChIJG8N6WmqLGGARGNTsltSVnt8,Unnamed Road
35.6491979,139.7134117,ChIJG8N6WmqLGGARGNTsltSVnt8,Unnamed Road
35.64920079999999,139.71343940000003,ChIJG8N6WmqLGGARGNTsltSVnt8,Unnamed Road
35.649198199999994,139.7134983,ChIJG8N6WmqLGGARGNTsltSVnt8,Unnamed Road
35.649194699999995,139.71353539999998,ChIJG8N6WmqLGGARGNTsltSVnt8,Unnamed Road
35.6491697,139.7137191,ChIJG8N6WmqLGGARGNTsltSVnt8,Unnamed Road
35.6491361,139.71390879999998,ChIJG8N6WmqLGGARGNTsltSVnt8,Unnamed Road
35.6491001,139.7140985,ChIJG8N6WmqLGGARGNTsltSVnt8,Unnamed Road
35.64908539999999,139.7141644,ChIJG8N6WmqLGGARGNTsltSVnt8,Unnamed Road
35.64908539999999,139.7141644,ChIJb5wLAGuLGGARAqdQjW29NkE,Unnamed Road
35.6490766,139.714205,ChIJb5wLAGuLGGARAqdQjW29NkE,Unnamed Road
35.6490766,139.714205,ChIJNZSeBGuLGGARWuaShi-RHLY,Unnamed Road
35.6490632,139.7142778,ChIJNZSeBGuLGGARWuaShi-RHLY,Unnamed Road
35.6490539,139.7143171,ChIJNZSeBGuLGGARWuaShi-RHLY,Unnamed Road
35.6490481,139.7143351,ChIJNZSeBGuLGGARWuaShi-RHLY,Unnamed Road
35.64902550000001,139.714387,ChIJNZSeBGuLGGARWuaShi-RHLY,Unnamed Road
35.6490074,139.71441750000002,ChIJNZSeBGuLGGARWuaShi-RHLY,Unnamed Road
35.648994,139.7144337,ChIJNZSeBGuLGGARWuaShi-RHLY,Unnamed Road
35.64883100000001,139.7145118,ChIJNZSeBGuLGGARWuaShi-RHLY,Unnamed Road
35.6487638,139.7145466,ChIJNZSeBGuLGGARWuaShi-RHLY,Unnamed Road
35.648531,139.7146378,ChIJNZSeBGuLGGARWuaShi-RHLY,Unnamed Road
35.64845329999999,139.7146651,ChIJNZSeBGuLGGARWuaShi-RHLY,Unnamed Road
35.6483512,139.7146919,ChIJNZSeBGuLGGARWuaShi-RHLY,Unnamed Road
35.6483512,139.7146919,ChIJNZSeBGuLGGARWuaShi-RHLY,Unnamed Road
35.6483512,139.7146919,ChIJxwQKF2uLGGARbSNjbO8CEBY,Meiji-dori Avenue
35.6483638,139.7149141,ChIJxwQKF2uLGGARbSNjbO8CEBY,Meiji-dori Avenue
35.6483713,139.7150053,ChIJxwQKF2uLGGARbSNjbO8CEBY,Meiji-dori Avenue
35.6483713,139.7150053,ChIJqVd1FmuLGGARX2819R8pX0I,Meiji-dori Avenue
35.6483906,139.7151463,ChIJqVd1FmuLGGARX2819R8pX0I,Meiji-dori Avenue
35.6483906,139.7151463,ChIJbx4CQGuLGGAR8ldu0ScSwuo,Meiji-dori Avenue
35.64847659999999,139.7156415,ChIJbx4CQGuLGGAR8ldu0ScSwuo,Meiji-dori Avenue
35.64847659999999,139.7156415,ChIJJw8iQmuLGGARcIpD6BvysuQ,Meiji-dori Avenue
35.6485018,139.7157834,ChIJJw8iQmuLGGARcIpD6BvysuQ,Meiji-dori Avenue
35.6485018,139.7157834,ChIJZ-tZQmuLGGARspf-FBzeNn8,Meiji-dori Avenue
35.648526499999996,139.7159144,ChIJZ-tZQmuLGGARspf-FBzeNn8,Meiji-dori Avenue
35.648526499999996,139.7159144,ChIJtabZXGuLGGARfAan7y3WOO0,Meiji-dori Avenue
35.6485772,139.7162351,ChIJtabZXGuLGGARfAan7y3WOO0,Meiji-dori Avenue
35.6485772,139.7162351,ChIJ474zX2uLGGARQHqXDmiXCgw,Meiji-dori Avenue
35.6485936,139.71636010000003,ChIJ474zX2uLGGARQHqXDmiXCgw,Meiji-dori Avenue
35.6486765,139.71689179999998,ChIJ474zX2uLGGARQHqXDmiXCgw,Meiji-dori Avenue
35.6486765,139.71689179999998,ChIJI63_pGyLGGAR9sAX8lMuh98,Meiji-dori Avenue
35.648686,139.71698949999998,ChIJI63_pGyLGGAR9sAX8lMuh98,Meiji-dori Avenue
35.648741199999996,139.7173298,ChIJI63_pGyLGGAR9sAX8lMuh98,Meiji-dori Avenue
35.6487601,139.7174222,ChIJI63_pGyLGGAR9sAX8lMuh98,Meiji-dori Avenue
35.6487601,139.7174222,ChIJk6XguWyLGGARWoSPGpBBTu4,Meiji-dori Avenue
35.64886490000001,139.718106,ChIJk6XguWyLGGARWoSPGpBBTu4,Meiji-dori Avenue
35.64886490000001,139.718106,ChIJDeXt0WyLGGARKk2UxxbocBI,Meiji-dori Avenue
35.648918,139.7184586,ChIJDeXt0WyLGGARKk2UxxbocBI,Meiji-dori Avenue
35.6489221,139.7185101,ChIJDeXt0WyLGGARKk2UxxbocBI,Meiji-dori Avenue
35.6489225,139.71855299999999,ChIJDeXt0WyLGGARKk2UxxbocBI,Meiji-dori Avenue
35.6489225,139.71855299999999,ChIJDeXt0WyLGGARuB_BCFCVt1Q,Meiji-dori Avenue
35.648923599999996,139.7186475,ChIJDeXt0WyLGGARuB_BCFCVt1Q,Meiji-dori Avenue
35.648918699999996,139.7187323,ChIJDeXt0WyLGGARuB_BCFCVt1Q,Meiji-dori Avenue
35.648909149109585,139.71884989534195,ChIJDeXt0WyLGGARuB_BCFCVt1Q,Meiji-dori Avenue
35.6489091,139.7188505,ChIJDeXt0WyLGGARuB_BCFCVt1Q,Meiji-dori Avenue
35.648899199999995,139.71892929999999,ChIJDeXt0WyLGGARuB_BCFCVt1Q,Meiji-dori Avenue
35.648899199999995,139.71892929999999,ChIJ-wX91GyLGGARejIRn5DzOkk,Meiji-dori Avenue
35.6488821,139.7190291,ChIJ-wX91GyLGGARejIRn5DzOkk,Meiji-dori Avenue
35.6488652,139.7191004,ChIJ-wX91GyLGGARejIRn5DzOkk,Meiji-dori Avenue
35.6488474,139.7191652,ChIJ-wX91GyLGGARejIRn5DzOkk,Meiji-dori Avenue
35.6488474,139.7191652,ChIJ7S1V1RKLGGARPHFwEfPQG80,Meiji-dori Avenue
35.64880910000001,139.7192689,ChIJ7S1V1RKLGGARPHFwEfPQG80,Meiji-dori Avenue
35.64880910000001,139.7192689,ChIJ-YcR1BKLGGARNF8FHju4McY,Meiji-dori Avenue
35.6487761,139.7193474,ChIJ-YcR1BKLGGARNF8FHju4McY,Meiji-dori Avenue
35.648749699999996,139.7193996,ChIJ-YcR1BKLGGARNF8FHju4McY,Meiji-dori Avenue
35.648749699999996,139.7193996,ChIJ-YcR1BKLGGARYesh9qsBU_E,Meiji-dori Avenue
35.6485876,139.7197191,ChIJ-YcR1BKLGGARYesh9qsBU_E,Meiji-dori Avenue
35.6485876,139.7197191,ChIJHTI-0BKLGGAR1fc8OPwGpqQ,Meiji-dori Avenue
35.64854,139.71980829999998,ChIJHTI-0BKLGGAR1fc8OPwGpqQ,Meiji-dori Avenue
35.6485152,139.719865,ChIJHTI-0BKLGGAR1fc8OPwGpqQ,Meiji-dori Avenue
35.6485152,139.719865,ChIJ8bkHxRKLGGARfdyZegW2M8w,Meiji-dori Avenue
35.648426799999996,139.7200632,ChIJ8bkHxRKLGGARfdyZegW2M8w,Meiji-dori Avenue
35.6483905,139.72016109999998,ChIJ8bkHxRKLGGARfdyZegW2M8w,Meiji-dori Avenue
35.6483905,139.72016109999998,ChIJIx3ywBKLGGARGz-0fo6WwJc,Meiji-dori Avenue
35.6483843,139.72017599999998,ChIJIx3ywBKLGGARGz-0fo6WwJc,Meiji-dori Avenue
35.6483288,139.7203624,ChIJIx3ywBKLGGARGz-0fo6WwJc,Meiji-dori Avenue
35.6482578,139.7206387,ChIJIx3ywBKLGGARGz-0fo6WwJc,Meiji-dori Avenue
35.6482578,139.7206387,ChIJnbrrlRKLGGARuoMPMIG989E,Meiji-dori Avenue
35.648198,139.7208642,ChIJnbrrlRKLGGARuoMPMIG989E,Meiji-dori Avenue
35.648198,139.7208642,ChIJzyYglxKLGGARvnU2SfpL0dM,Meiji-dori Avenue
35.64813451428649,139.72110182644425,ChIJzyYglxKLGGARvnU2SfpL0dM,Meiji-dori Avenue
35.6481338,139.7211045,ChIJzyYglxKLGGARvnU2SfpL0dM,Meiji-dori Avenue
35.6481338,139.7211045,ChIJzQeynBKLGGARLFMO9eKh7BA,Meiji-dori Avenue
35.6479256,139.7218902,ChIJzQeynBKLGGARLFMO9eKh7BA,Meiji-dori Avenue
35.6479256,139.7218902,ChIJAS4rfA2LGGAR4QE4kngbDpA,Meiji-dori Avenue
35.6479035,139.7219838,ChIJAS4rfA2LGGAR4QE4kngbDpA,Meiji-dori Avenue
35.6479035,139.7219838,ChIJJ3AmeQ2LGGARSrzgKvrH9fw,Meiji-dori Avenue
35.647847999999996,139.7222153,ChIJJ3AmeQ2LGGARSrzgKvrH9fw,Meiji-dori Avenue
35.647847999999996,139.7222153,ChIJJ3AmeQ2LGGARxzcm6baeqb4,Meiji-dori Avenue
35.6478275,139.7223007,ChIJJ3AmeQ2LGGARxzcm6baeqb4,Meiji-dori Avenue
35.6478275,139.7223007,ChIJ4QcPeA2LGGART4WWZDwU12g,Meiji-dori Avenue
35.6477898,139.7224885,ChIJ4QcPeA2LGGART4WWZDwU12g,Meiji-dori Avenue
35.6477898,139.7224885,ChIJqbM1nA2LGGAR8cNQwaMuVDI,Meiji-dori Avenue
35.64775979999999,139.72262329999998,ChIJqbM1nA2LGGAR8cNQwaMuVDI,Meiji-dori Avenue
35.6477152,139.7228381,ChIJqbM1nA2LGGAR8cNQwaMuVDI,Meiji-dori Avenue
35.6477152,139.7228381,ChIJm_iXmA2LGGAR_q4u3eo-YyQ,Dōro
35.6476766,139.7230563,ChIJm_iXmA2LGGAR_q4u3eo-YyQ,Dōro
35.6476639,139.72309769999998,ChIJm_iXmA2LGGAR_q4u3eo-YyQ,Dōro
35.6476474,139.7231818,ChIJm_iXmA2LGGAR_q4u3eo-YyQ,Dōro
35.6476474,139.7231818,ChIJdYwfow2LGGARqvyPQafh7AA,Meiji-dori Avenue
35.6476152,139.7232621,ChIJdYwfow2LGGARqvyPQafh7AA,Meiji-dori Avenue
35.6476152,139.7232621,ChIJQzCluw2LGGARJmO4K0qjpQA,Meiji-dori Avenue
35.6475917,139.72332939999998,ChIJQzCluw2LGGARJmO4K0qjpQA,Meiji-dori Avenue
35.6475637,139.7233937,ChIJQzCluw2LGGARJmO4K0qjpQA,Meiji-dori Avenue
35.6475341,139.7234521,ChIJQzCluw2LGGARJmO4K0qjpQA,Meiji-dori Avenue
35.6474732,139.72354579999998,ChIJQzCluw2LGGARJmO4K0qjpQA,Meiji-dori Avenue
35.647357299999996,139.7237078,ChIJQzCluw2LGGARJmO4K0qjpQA,Meiji-dori Avenue
35.647357299999996,139.7237078,ChIJbyH4MQyLGGARw6L1XAzwP9E,Meiji-dori Avenue
35.6473218,139.7237543,ChIJbyH4MQyLGGARw6L1XAzwP9E,Meiji-dori Avenue
35.647042299999995,139.724143,ChIJbyH4MQyLGGARw6L1XAzwP9E,Meiji-dori Avenue
35.6469904,139.7242214,ChIJbyH4MQyLGGARw6L1XAzwP9E,Meiji-dori Avenue
35.6469514,139.72428969999999,ChIJbyH4MQyLGGARw6L1XAzwP9E,Meiji-dori Avenue
35.646950911708146,139.72429068465567,ChIJbyH4MQyLGGARw6L1XAzwP9E,Meiji-dori Avenue
35.6469151,139.7243629,ChIJbyH4MQyLGGARw6L1XAzwP9E,Meiji-dori Avenue
35.6468797,139.7244399,ChIJbyH4MQyLGGARw6L1XAzwP9E,Meiji-dori Avenue
35.6468406,139.7245355,ChIJbyH4MQyLGGARw6L1XAzwP9E,Meiji-dori Avenue
35.6467966,139.72469089999998,ChIJbyH4MQyLGGARw6L1XAzwP9E,Meiji-dori Avenue
35.64677040000001,139.72479959999998,ChIJbyH4MQyLGGARw6L1XAzwP9E,Meiji-dori Avenue
35.6467569,139.7248814,ChIJbyH4MQyLGGARw6L1XAzwP9E,Meiji-dori Avenue
35.64674769999999,139.72495899999998,ChIJbyH4MQyLGGARw6L1XAzwP9E,Meiji-dori Avenue
35.6467446,139.72497479999998,ChIJbyH4MQyLGGARw6L1XAzwP9E,Meiji-dori Avenue
35.6467446,139.72497479999998,ChIJFbPKIAyLGGARcdCltN8XjTo,Meiji-dori Avenue
35.6467388,139.725023,ChIJFbPKIAyLGGARcdCltN8XjTo,Meiji-dori Avenue
35.6467315,139.7251061,ChIJFbPKIAyLGGARcdCltN8XjTo,Meiji-dori Avenue
35.64672819999999,139.72529490000002,ChIJFbPKIAyLGGARcdCltN8XjTo,Meiji-dori Avenue
35.64672819999999,139.72529490000002,ChIJFbPKIAyLGGAR9aSxL-ijJKM,Meiji-dori Avenue
35.64672879999999,139.72539369999998,ChIJFbPKIAyLGGAR9aSxL-ijJKM,Meiji-dori Avenue
35.6467394,139.7255989,ChIJFbPKIAyLGGAR9aSxL-ijJKM,Meiji-dori Avenue
35.6467394,139.7255989,ChIJf71PoA6LGGARVp1bcknlORo,Unnamed Road
35.6467154,139.7257108,ChIJf71PoA6LGGARVp1bcknlORo,Unnamed Road
35.646713999999996,139.72573169999998,ChIJf71PoA6LGGARVp1bcknlORo,Unnamed Road
35.646713999999996,139.72573169999998,ChIJf71PoA6LGGARJYVIQ9b7Ftc,Unnamed Road
35.6467171,139.7258408,ChIJf71PoA6LGGARJYVIQ9b7Ftc,Unnamed Road
35.6467171,139.7258408,ChIJ73m-pg6LGGARPO2Ftaen7xk,Unnamed Road
35.646712,139.7259056,ChIJ73m-pg6LGGARPO2Ftaen7xk,Unnamed Road
35.646712,139.7259056,ChIJ73m-pg6LGGARh42_f6HDL90,Unnamed Road
35.646725,139.726156,ChIJ73m-pg6LGGARh42_f6HDL90,Unnamed Road
35.646725,139.726156,ChIJLfeQpg6LGGAR9QbLY1KMDOM,Unnamed Road
35.646729,139.7262289,ChIJLfeQpg6LGGAR9QbLY1KMDOM,Unnamed Road
35.646729,139.7262289,ChIJFzILrQ6LGGARTlarI859Mb8,Unnamed Road
35.646742599999996,139.7264496,ChIJFzILrQ6LGGARTlarI859Mb8,Unnamed Road
35.646753000000004,139.72674089999998,ChIJFzILrQ6LGGARTlarI859Mb8,Unnamed Road
35.6467566,139.7271008,ChIJFzILrQ6LGGARTlarI859Mb8,Unnamed Road
35.6467646,139.7271685,ChIJFzILrQ6LGGARTlarI859Mb8,Unnamed Road
35.6467646,139.7271685,ChIJdRUQTwmLGGARpgUAqmfWC_o,Unnamed Road
35.6467678,139.72726179999998,ChIJdRUQTwmLGGARpgUAqmfWC_o,Unnamed Road
35.6467701,139.7275072,ChIJdRUQTwmLGGARpgUAqmfWC_o,Unnamed Road
35.6467701,139.7275072,ChIJoYfXRQmLGGARtn9qAK1NB_U,Unnamed Road
35.6467676,139.7277928,ChIJoYfXRQmLGGARtn9qAK1NB_U,Unnamed Road
35.6467676,139.7277928,ChIJB7m1RgmLGGARvCUcCfuCDdw,Unnamed Road
35.6467692,139.7278863,ChIJB7m1RgmLGGARvCUcCfuCDdw,Unnamed Road
35.6467692,139.7278863,ChIJzTwHQQmLGGAREL7fgcsKTvY,Unnamed Road
35.646775,139.7280473,ChIJzTwHQQmLGGAREL7fgcsKTvY,Unnamed Road
35.646775,139.7280473,ChIJn3uEagmLGGARyC8klvetd-4,Unnamed Road
35.6467844,139.7281269,ChIJn3uEagmLGGARyC8klvetd-4,Unnamed Road
35.6467844,139.7281269,ChIJn3uEagmLGGAR9RNEADL5PBw,Unnamed Road
35.646819199999996,139.7283185,ChIJn3uEagmLGGAR9RNEADL5PBw,Unnamed Road
35.646819199999996,139.7283185,ChIJO44XawmLGGARLNt5pn_jeDU,Unnamed Road
35.64684760000001,139.7284325,ChIJO44XawmLGGARLNt5pn_jeDU,Unnamed Road
35.64684760000001,139.7284325,ChIJ3y7WDAmLGGAR9xzIFGn6_IQ,Unnamed Road
35.6468688,139.7285149,ChIJ3y7WDAmLGGAR9xzIFGn6_IQ,Unnamed Road
35.6468701,139.7286317,ChIJ3y7WDAmLGGAR9xzIFGn6_IQ,Unnamed Road
35.6468701,139.7286317,ChIJt6TcDAmLGGARljoqsX8MeSU,Metropolitan Expressway Route No.2 Meguro Line
35.646886300000006,139.7286921,ChIJt6TcDAmLGGARljoqsX8MeSU,Metropolitan Expressway Route No.2 Meguro Line
35.646886300000006,139.7286921,ChIJt6TcDAmLGGAR3_t8twr47oE,Metropolitan Expressway Route No.2 Meguro Line
35.6469586,139.7289674,ChIJt6TcDAmLGGAR3_t8twr47oE,Metropolitan Expressway Route No.2 Meguro Line
35.6469989,139.7291507,ChIJt6TcDAmLGGAR3_t8twr47oE,Metropolitan Expressway Route No.2 Meguro Line
35.6470124,139.729233,ChIJt6TcDAmLGGAR3_t8twr47oE,Metropolitan Expressway Route No.2 Meguro Line
35.64702859999999,139.7293598,ChIJt6TcDAmLGGAR3_t8twr47oE,Metropolitan Expressway Route No.2 Meguro Line
35.64702859999999,139.7293598,ChIJAWN7CgmLGGARt30KjFz-ZIk,Metropolitan Expressway Route No.2 Meguro Line
35.647045299999995,139.7296689,ChIJAWN7CgmLGGARt30KjFz-ZIk,Metropolitan Expressway Route No.2 Meguro Line
35.647045299999995,139.7296689,ChIJ646MpAmLGGARLL458WLTSMI,Metropolitan Expressway Route No.2 Meguro Line
35.6470464,139.7301297,ChIJ646MpAmLGGARLL458WLTSMI,Metropolitan Expressway Route No.2 Meguro Line
35.6470481,139.7302053,ChIJ646MpAmLGGARLL458WLTSMI,Metropolitan Expressway Route No.2 Meguro Line
35.6470481,139.7302053,ChIJsyxeyAmLGGARXLKEHE0Ye7M,Metropolitan Expressway Route No.2 Meguro Line
35.6470542,139.73034429999998,ChIJsyxeyAmLGGARXLKEHE0Ye7M,Metropolitan Expressway Route No.2 Meguro Line
35.647068,139.7305474,ChIJsyxeyAmLGGARXLKEHE0Ye7M,Metropolitan Expressway Route No.2 Meguro Line
35.647088499999995,139.7307371,ChIJsyxeyAmLGGARXLKEHE0Ye7M,Metropolitan Expressway Route No.2 Meguro Line
35.647193,139.73150859999998,ChIJsyxeyAmLGGARXLKEHE0Ye7M,Metropolitan Expressway Route No.2 Meguro Line
35.647193,139.73150859999998,ChIJ5-5f0QmLGGAR3P5ZMnkjTiI,Metropolitan Expressway Route No.2 Meguro Line
35.647210799999996,139.7316588,ChIJ5-5f0QmLGGAR3P5ZMnkjTiI,Metropolitan Expressway Route No.2 Meguro Line
35.647210799999996,139.7316588,ChIJoZTJ1QmLGGARcFpFGTJiJM0,Metropolitan Expressway Route No.2 Meguro Line
35.6472623,139.7320421,ChIJoZTJ1QmLGGARcFpFGTJiJM0,Metropolitan Expressway Route No.2 Meguro Line
35.6472623,139.7320421,ChIJdaVinKeLGGAR-scBM_2qwg0,Metropolitan Expressway Route No.2 Meguro Line
35.647284,139.73232289999999,ChIJdaVinKeLGGAR-scBM_2qwg0,Metropolitan Expressway Route No.2 Meguro Line
35.6472876,139.7324453,ChIJdaVinKeLGGAR-scBM_2qwg0,Metropolitan Expressway Route No.2 Meguro Line
35.6472835,139.7326,ChIJdaVinKeLGGAR-scBM_2qwg0,Metropolitan Expressway Route No.2 Meguro Line
35.64727384689619,139.73272046680722,ChIJdaVinKeLGGAR-scBM_2qwg0,Metropolitan Expressway Route No.2 Meguro Line
35.6472737,139.7327223,ChIJdaVinKeLGGAR-scBM_2qwg0,Metropolitan Expressway Route No.2 Meguro Line
35.647264099999994,139.7327939,ChIJdaVinKeLGGAR-scBM_2qwg0,Metropolitan Expressway Route No.2 Meguro Line
35.647250899999996,139.7328699,ChIJdaVinKeLGGAR-scBM_2qwg0,Metropolitan Expressway Route No.2 Meguro Line
35.647225999999996,139.732982,ChIJdaVinKeLGGAR-scBM_2qwg0,Metropolitan Expressway Route No.2 Meguro Line
35.647195700000005,139.73308509999998,ChIJdaVinKeLGGAR-scBM_2qwg0,Metropolitan Expressway Route No.2 Meguro Line
35.647157799999995,139.7331916,ChIJdaVinKeLGGAR-scBM_2qwg0,Metropolitan Expressway Route No.2 Meguro Line
35.6470655,139.7334024,ChIJdaVinKeLGGAR-scBM_2qwg0,Metropolitan Expressway Route No.2 Meguro Line
35.64702869999999,139.7334776,ChIJdaVinKeLGGAR-scBM_2qwg0,Metropolitan Expressway Route No.2 Meguro Line
35.646995999999994,139.7335371,ChIJdaVinKeLGGAR-scBM_2qwg0,Metropolitan Expressway Route No.2 Meguro Line
35.646995999999994,139.7335371,ChIJue5-vKeLGGARwuGAdnhs9PA,Metropolitan Expressway Route No.2 Meguro Line
35.646942599999996,139.7336191,ChIJue5-vKeLGGARwuGAdnhs9PA,Metropolitan Expressway Route No.2 Meguro Line
35.646942599999996,139.7336191,ChIJYSaXNKaLGGAR5lNM3vp1ulw,Metropolitan Expressway Route No.2 Meguro Line
35.646896600000005,139.7337044,ChIJYSaXNKaLGGAR5lNM3vp1ulw,Metropolitan Expressway Route No.2 Meguro Line
35.6468427,139.7338119,ChIJYSaXNKaLGGAR5lNM3vp1ulw,Metropolitan Expressway Route No.2 Meguro Line
35.6468109,139.7338791,ChIJYSaXNKaLGGAR5lNM3vp1ulw,Metropolitan Expressway Route No.2 Meguro Line
35.64677727445674,139.73395824648006,ChIJYSaXNKaLGGAR5lNM3vp1ulw,Metropolitan Expressway Route No.2 Meguro Line
35.646775,139.73396359999998,ChIJYSaXNKaLGGAR5lNM3vp1ulw,Metropolitan Expressway Route No.2 Meguro Line
35.64673810000001,139.73406269999998,ChIJYSaXNKaLGGAR5lNM3vp1ulw,Metropolitan Expressway Route No.2 Meguro Line
35.6466904,139.7342236,ChIJYSaXNKaLGGAR5lNM3vp1ulw,Metropolitan Expressway Route No.2 Meguro Line
35.64665099999999,139.7344043,ChIJYSaXNKaLGGAR5lNM3vp1ulw,Metropolitan Expressway Route No.2 Meguro Line
35.6466328,139.7345095,ChIJYSaXNKaLGGAR5lNM3vp1ulw,Metropolitan Expressway Route No.2 Meguro Line
35.6466018,139.7347174,ChIJYSaXNKaLGGAR5lNM3vp1ulw,Metropolitan Expressway Route No.2 Meguro Line
35.6465582,139.7350306,ChIJYSaXNKaLGGAR5lNM3vp1ulw,Metropolitan Expressway Route No.2 Meguro Line
35.646528599999996,139.735281,ChIJYSaXNKaLGGAR5lNM3vp1ulw,Metropolitan Expressway Route No.2 Meguro Line
35.6465155,139.7354561,ChIJYSaXNKaLGGAR5lNM3vp1ulw,Metropolitan Expressway Route No.2 Meguro Line
35.64651550000117,139.73546000000192,ChIJYSaXNKaLGGAR5lNM3vp1ulw,Metropolitan Expressway Route No.2 Meguro Line
35.6465155,139.7355331,ChIJYSaXNKaLGGAR5lNM3vp1ulw,Metropolitan Expressway Route No.2 Meguro Line
35.6465203,139.7356729,ChIJYSaXNKaLGGAR5lNM3vp1ulw,Metropolitan Expressway Route No.2 Meguro Line
35.6465203,139.7356729,ChIJ5YA7H6aLGGAR7Kw9-k5QUBI,Metropolitan Expressway Route No.2 Meguro Line
35.646530399999996,139.7357763,ChIJ5YA7H6aLGGAR7Kw9-k5QUBI,Metropolitan Expressway Route No.2 Meguro Line
35.646550999999995,139.73589049999998,ChIJ5YA7H6aLGGAR7Kw9-k5QUBI,Metropolitan Expressway Route No.2 Meguro Line
35.64657529999999,139.7359866,ChIJ5YA7H6aLGGAR7Kw9-k5QUBI,Metropolitan Expressway Route No.2 Meguro Line
35.6465934,139.7360386,ChIJ5YA7H6aLGGAR7Kw9-k5QUBI,Metropolitan Expressway Route No.2 Meguro Line
35.6466541,139.736175,ChIJ5YA7H6aLGGAR7Kw9-k5QUBI,Metropolitan Expressway Route No.2 Meguro Line
35.6466541,139.736175,ChIJy_kYDKaLGGARFEx28s1lea0,Dōro
35.6467089,139.73628689999998,ChIJy_kYDKaLGGARFEx28s1lea0,Dōro
35.6467555,139.7363562,ChIJy_kYDKaLGGARFEx28s1lea0,Dōro
35.64681364104155,139.73643598187493,ChIJy_kYDKaLGGARFEx28s1lea0,Dōro
35.6468138,139.73643619999999,ChIJy_kYDKaLGGARFEx28s1lea0,Dōro
35.646840700000006,139.7364689,ChIJy_kYDKaLGGARFEx28s1lea0,Dōro
35.64690600000001,139.7365347,ChIJy_kYDKaLGGARFEx28s1lea0,Dōro
35.6469804,139.7365974,ChIJy_kYDKaLGGARFEx28s1lea0,Dōro
35.6470281,139.7366322,ChIJy_kYDKaLGGARFEx28s1lea0,Dōro
35.64711990000001,139.7366903,ChIJy_kYDKaLGGARFEx28s1lea0,Dōro
35.6472206,139.7367416,ChIJy_kYDKaLGGARFEx28s1lea0,Dōro
35.6473052,139.7367797,ChIJy_kYDKaLGGARFEx28s1lea0,Dōro
35.647387,139.7368141,ChIJy_kYDKaLGGARFEx28s1lea0,Dōro
35.6479234,139.7370139,ChIJy_kYDKaLGGARFEx28s1lea0,Dōro
35.648246,139.737136,ChIJy_kYDKaLGGARFEx28s1lea0,Dōro
35.6484461,139.73721759999998,ChIJy_kYDKaLGGARFEx28s1lea0,Dōro
35.6484461,139.73721759999998,ChIJm3FR2KWLGGARsEuBl6yX6WQ,Metropolitan Expressway Route No.2 Meguro Line
35.6484988,139.73724239999999,ChIJm3FR2KWLGGARsEuBl6yX6WQ,Metropolitan Expressway Route No.2 Meguro Line
35.6484988,139.73724239999999,ChIJf6LL2aWLGGARMNaePj9YCao,Metropolitan Expressway Route No.2 Meguro Line
35.648607999999996,139.7372888,ChIJf6LL2aWLGGARMNaePj9YCao,Metropolitan Expressway Route No.2 Meguro Line
35.648607999999996,139.7372888,ChIJS6A106WLGGAR04MUGJMJFs4,Metropolitan Expressway Route No.2 Meguro Line
35.648810142616654,139.73738956673733,ChIJS6A106WLGGAR04MUGJMJFs4,Metropolitan Expressway Route No.2 Meguro Line
35.648973299999994,139.7374709,ChIJS6A106WLGGAR04MUGJMJFs4,Metropolitan Expressway Route No.2 Meguro Line
35.648973299999994,139.7374709,ChIJS6A106WLGGARn2ViC-YwlK0,Metropolitan Expressway Route No.2 Meguro Line
35.6491603,139.7375568,ChIJS6A106WLGGARn2ViC-YwlK0,Metropolitan Expressway Route No.2 Meguro Line
35.6492347,139.7375885,ChIJS6A106WLGGARn2ViC-YwlK0,Metropolitan Expressway Route No.2 Meguro Line
35.649273699999995,139.7376026,ChIJS6A106WLGGARn2ViC-YwlK0,Metropolitan Expressway Route No.2 Meguro Line
35.6494086,139.7376425,ChIJS6A106WLGGARn2ViC-YwlK0,Metropolitan Expressway Route No.2 Meguro Line
35.649450699999996,139.7376524,ChIJS6A106WLGGARn2ViC-YwlK0,Metropolitan Expressway Route No.2 Meguro Line
35.6495196,139.737665,ChIJS6A106WLGGARn2ViC-YwlK0,Metropolitan Expressway Route No.2 Meguro Line
35.649599599999995,139.73767139999998,ChIJS6A106WLGGARn2ViC-YwlK0,Metropolitan Expressway Route No.2 Meguro Line
35.649688999999995,139.73767189999998,ChIJS6A106WLGGARn2ViC-YwlK0,Metropolitan Expressway Route No.2 Meguro Line
35.6497671,139.7376679,ChIJS6A106WLGGARn2ViC-YwlK0,Metropolitan Expressway Route No.2 Meguro Line
35.64977969943139,139.73766633510533,ChIJS6A106WLGGARn2ViC-YwlK0,Metropolitan Expressway Route No.2 Meguro Line
35.6499241,139.73764839999998,ChIJS6A106WLGGARn2ViC-YwlK0,Metropolitan Expressway Route No.2 Meguro Line
35.6499241,139.73764839999998,ChIJyV6UA6SLGGARkLV4p3YCAMA,Metropolitan Expressway Route No.2 Meguro Line
35.650033199999996,139.7376263,ChIJyV6UA6SLGGARkLV4p3YCAMA,Metropolitan Expressway Route No.2 Meguro Line
35.650277700000004,139.7375671,ChIJyV6UA6SLGGARkLV4p3YCAMA,Metropolitan Expressway Route No.2 Meguro Line
35.6510332,139.73737889999998,ChIJyV6UA6SLGGARkLV4p3YCAMA,Metropolitan Expressway Route No.2 Meguro Line
35.6510332,139.73737889999998,ChIJp3xv_qOLGGAR6f2Vk-xODMM,Metropolitan Expressway Route No.2 Meguro Line
35.651077199999996,139.737368,ChIJp3xv_qOLGGAR6f2Vk-xODMM,Metropolitan Expressway Route No.2 Meguro Line
35.651077199999996,139.737368,ChIJp3xv_qOLGGARHN8lpGp3cPo,Metropolitan Expressway Route No.2 Meguro Line
35.652232,139.73708050000002,ChIJp3xv_qOLGGARHN8lpGp3cPo,Metropolitan Expressway Route No.2 Meguro Line
35.6523427,139.7370613,ChIJp3xv_qOLGGARHN8lpGp3cPo,Metropolitan Expressway Route No.2 Meguro Line
35.6524656,139.73704920000003,ChIJp3xv_qOLGGARHN8lpGp3cPo,Metropolitan Expressway Route No.2 Meguro Line
35.6524656,139.73704920000003,ChIJMXTuX6GLGGARsgly0Migsa8,Dōro
35.6525488,139.73704279999998,ChIJMXTuX6GLGGARsgly0Migsa8,Dōro
35.6526106,139.7370513,ChIJMXTuX6GLGGARsgly0Migsa8,Dōro
35.6526106,139.7370513,ChIJzUuU2KOLGGARIjIewbFojBg,Dōro
35.652692800000004,139.7370584,ChIJzUuU2KOLGGARIjIewbFojBg,Dōro
35.65275030185015,139.7370669114614,ChIJzUuU2KOLGGARIjIewbFojBg,Dōro
35.65275090000001,139.737067,ChIJzUuU2KOLGGARIjIewbFojBg,Dōro
35.6528146,139.7370808,ChIJzUuU2KOLGGARIjIewbFojBg,Dōro
35.6529058,139.7371068,ChIJzUuU2KOLGGARIjIewbFojBg,Dōro
35.653137799999996,139.73719889999998,ChIJzUuU2KOLGGARIjIewbFojBg,Dōro
35.6532737,139.73727399999999,ChIJzUuU2KOLGGARIjIewbFojBg,Dōro
35.6532737,139.73727399999999,ChIJo8KU1qOLGGARdLvg3WQVcos,Metropolitan Expressway Route No.2 Meguro Line
35.65335679999999,139.73731229999999,ChIJo8KU1qOLGGARdLvg3WQVcos,Metropolitan Expressway Route No.2 Meguro Line
35.6534164,139.7373366,ChIJo8KU1qOLGGARdLvg3WQVcos,Metropolitan Expressway Route No.2 Meguro Line
35.6535854,139.73739329999998,ChIJo8KU1qOLGGARdLvg3WQVcos,Metropolitan Expressway Route No.2 Meguro Line
35.653645499999996,139.7374097,ChIJo8KU1qOLGGARdLvg3WQVcos,Metropolitan Expressway Route No.2 Meguro Line
35.6537431,139.7374319,ChIJo8KU1qOLGGARdLvg3WQVcos,Metropolitan Expressway Route No.2 Meguro Line
35.6538216,139.73744539999998,ChIJo8KU1qOLGGARdLvg3WQVcos,Metropolitan Expressway Route No.2 Meguro Line
35.6538216,139.73744539999998,ChIJBb9d06OLGGARd3JQJECLrOk,Unnamed Road
35.65384905892968,139.73747149957552,ChIJBb9d06OLGGARd3JQJECLrOk,Unnamed Road
35.65385190000001,139.73747419999998,ChIJBb9d06OLGGARd3JQJECLrOk,Unnamed Road
35.6538605,139.7374796,ChIJBb9d06OLGGARd3JQJECLrOk,Unnamed Road
35.6539578,139.7375007,ChIJBb9d06OLGGARd3JQJECLrOk,Unnamed Road
35.6539578,139.7375007,ChIJ6_ZeLKKLGGARhegQdVVu6H0,Unnamed Road
35.654079599999996,139.7375255,ChIJ6_ZeLKKLGGARhegQdVVu6H0,Unnamed Road
35.654079599999996,139.7375255,ChIJ8UsHL6KLGGARmR7QaR5vgdk,Unnamed Road
35.654368700000006,139.7375858,ChIJ8UsHL6KLGGARmR7QaR5vgdk,Unnamed Road
35.654368700000006,139.7375858,ChIJ79QfJaKLGGARBoqvBcEA4ts,Unnamed Road
35.6546476,139.7376583,ChIJ79QfJaKLGGARBoqvBcEA4ts,Unnamed Road
35.6546994,139.737675,ChIJ79QfJaKLGGARBoqvBcEA4ts,Unnamed Road
35.6546994,139.737675,ChIJRWvoPKKLGGARxlvxIqsMLkw,Unnamed Road
35.65481429999999,139.7377162,ChIJRWvoPKKLGGARxlvxIqsMLkw,Unnamed Road
35.65487170000001,139.7377397,ChIJRWvoPKKLGGARxlvxIqsMLkw,Unnamed Road
35.654981899999996,139.7377938,ChIJRWvoPKKLGGARxlvxIqsMLkw,Unnamed Road
35.6550125,139.73781190000003,ChIJRWvoPKKLGGARxlvxIqsMLkw,Unnamed Road
35.6550125,139.73781190000003,ChIJRWvoPKKLGGARR1aJvSWCyAE,Unnamed Road
35.6550327,139.7378239,ChIJRWvoPKKLGGARR1aJvSWCyAE,Unnamed Road
35.6551168,139.7378838,ChIJRWvoPKKLGGARR1aJvSWCyAE,Unnamed Road
35.65511751763183,139.73788441161778,ChIJRWvoPKKLGGARR1aJvSWCyAE,Unnamed Road
35.6551432,139.7379063,ChIJRWvoPKKLGGARR1aJvSWCyAE,Unnamed Road
35.6551432,139.7379063,ChIJDxcQFqKLGGAR4pvluY_EXWU,Unnamed Road
35.655215399999996,139.7379729,ChIJDxcQFqKLGGAR4pvluY_EXWU,Unnamed Road
35.655262,139.7380224,ChIJDxcQFqKLGGAR4pvluY_EXWU,Unnamed Road
35.655292900000006,139.73805959999999,ChIJDxcQFqKLGGAR4pvluY_EXWU,Unnamed Road
35.655292900000006,139.73805959999999,ChIJ5WDQQaKLGGAR-tDzzbhwk9o,Unnamed Road
35.6553316,139.7381124,ChIJ5WDQQaKLGGAR-tDzzbhwk9o,Unnamed Road
35.65536730000001,139.7381706,ChIJ5WDQQaKLGGAR-tDzzbhwk9o,Unnamed Road
35.655401999999995,139.73823629999998,ChIJ5WDQQaKLGGAR-tDzzbhwk9o,Unnamed Road
35.6554293,139.7382936,ChIJ5WDQQaKLGGAR-tDzzbhwk9o,Unnamed Road
35.6554538,139.73835680000002,ChIJ5WDQQaKLGGAR-tDzzbhwk9o,Unnamed Road
35.6554776,139.73843499999998,ChIJ5WDQQaKLGGAR-tDzzbhwk9o,Unnamed Road
35.65550489999999,139.7385395,ChIJ5WDQQaKLGGAR-tDzzbhwk9o,Unnamed Road
35.6555198,139.738631,ChIJ5WDQQaKLGGAR-tDzzbhwk9o,Unnamed Road
35.655524299999996,139.738668,ChIJ5WDQQaKLGGAR-tDzzbhwk9o,Unnamed Road
35.655528993591155,139.73873011518475,ChIJ5WDQQaKLGGAR-tDzzbhwk9o,Unnamed Road
35.65552900000001,139.7387302,ChIJ5WDQQaKLGGAR-tDzzbhwk9o,Unnamed Road
35.6555321,139.7388201,ChIJ5WDQQaKLGGAR-tDzzbhwk9o,Unnamed Road
35.6555302,139.7388824,ChIJ5WDQQaKLGGAR-tDzzbhwk9o,Unnamed Road
35.6555302,139.7388824,ChIJDcoDXaKLGGARsGVHGvKfS5c,Unnamed Road
35.6555271,139.7390046,ChIJDcoDXaKLGGARsGVHGvKfS5c,Unnamed Road
35.6555271,139.7390046,ChIJsbAwXKKLGGARMrvD_CabF4c,Unnamed Road
35.6554937,139.7394273,ChIJsbAwXKKLGGARMrvD_CabF4c,Unnamed Road
35.6554919,139.73951399999999,ChIJsbAwXKKLGGARMrvD_CabF4c,Unnamed Road
35.6555052,139.7396121,ChIJsbAwXKKLGGARMrvD_CabF4c,Unnamed Road
35.6555052,139.7396121,ChIJHa459qKLGGAR2nRhU7kDTeU,Metropolitan Expressway Inner Circular Route
35.6554857,139.7398136,ChIJHa459qKLGGAR2nRhU7kDTeU,Metropolitan Expressway Inner Circular Route
35.6554857,139.7398136,ChIJ6TlM96KLGGARtrTYMncJsrI,Metropolitan Expressway Inner Circular Route
35.6554546,139.7401,ChIJ6TlM96KLGGARtrTYMncJsrI,Metropolitan Expressway Inner Circular Route
35.6554546,139.7401,ChIJQ9hB4KKLGGARMoR_OLUFwh0,Metropolitan Expressway Inner Circular Route
35.655454,139.7401435,ChIJQ9hB4KKLGGARMoR_OLUFwh0,Metropolitan Expressway Inner Circular Route
35.65544598959881,139.74020926006332,ChIJQ9hB4KKLGGARMoR_OLUFwh0,Metropolitan Expressway Inner Circular Route
35.655432499999996,139.74032,ChIJQ9hB4KKLGGARMoR_OLUFwh0,Metropolitan Expressway Inner Circular Route
35.6554198,139.7404066,ChIJQ9hB4KKLGGARMoR_OLUFwh0,Metropolitan Expressway Inner Circular Route
35.65539510000001,139.74055629999998,ChIJQ9hB4KKLGGARMoR_OLUFwh0,Metropolitan Expressway Inner Circular Route
35.655383300000004,139.74061609999998,ChIJQ9hB4KKLGGARMoR_OLUFwh0,Metropolitan Expressway Inner Circular Route
35.6553469,139.7407757,ChIJQ9hB4KKLGGARMoR_OLUFwh0,Metropolitan Expressway Inner Circular Route
35.655299899999996,139.7409656,ChIJQ9hB4KKLGGARMoR_OLUFwh0,Metropolitan Expressway Inner Circular Route
35.655125999999996,139.7416036,ChIJQ9hB4KKLGGARMoR_OLUFwh0,Metropolitan Expressway Inner Circular Route
35.655125999999996,139.7416036,ChIJRz-sL6OLGGARKojDkPigYFU,Metropolitan Expressway Inner Circular Route
35.6550702,139.74182919999998,ChIJRz-sL6OLGGARKojDkPigYFU,Metropolitan Expressway Inner Circular Route
35.6550702,139.74182919999998,ChIJe6aQx7yLGGARdstm-kfzapM,Metropolitan Expressway Inner Circular Route
35.655046899999995,139.7419463,ChIJe6aQx7yLGGARdstm-kfzapM,Metropolitan Expressway Inner Circular Route
35.655016999999994,139.7421411,ChIJe6aQx7yLGGARdstm-kfzapM,Metropolitan Expressway Inner Circular Route
35.6549767,139.74252099999998,ChIJe6aQx7yLGGARdstm-kfzapM,Metropolitan Expressway Inner Circular Route
35.654974115960435,139.74257032658744,ChIJe6aQx7yLGGARdstm-kfzapM,Metropolitan Expressway Inner Circular Route
35.654972199999996,139.7426069,ChIJe6aQx7yLGGARdstm-kfzapM,Metropolitan Expressway Inner Circular Route
35.6548929,139.7434942,ChIJe6aQx7yLGGARdstm-kfzapM,Metropolitan Expressway Inner Circular Route
35.65485299999999,139.7439748,ChIJe6aQx7yLGGARdstm-kfzapM,Metropolitan Expressway Inner Circular Route
35.654844,139.7441067,ChIJe6aQx7yLGGARdstm-kfzapM,Metropolitan Expressway Inner Circular Route
35.654844,139.7441067,ChIJ5TtihbyLGGARwsjzivvMyOg,Metropolitan Expressway Inner Circular Route
35.654828599999995,139.7442905,ChIJ5TtihbyLGGARwsjzivvMyOg,Metropolitan Expressway Inner Circular Route
35.654828599999995,139.7442905,ChIJc_MZh7yLGGARqO0_59IxZyc,Metropolitan Expressway Inner Circular Route
35.6548106,139.7446769,ChIJc_MZh7yLGGARqO0_59IxZyc,Metropolitan Expressway Inner Circular Route
35.6547972,139.744842,ChIJc_MZh7yLGGARqO0_59IxZyc,Metropolitan Expressway Inner Circular Route
35.6547802,139.744992,ChIJc_MZh7yLGGARqO0_59IxZyc,Metropolitan Expressway Inner Circular Route
35.6547802,139.744992,ChIJ8cuMeLyLGGARtjB6hSbguDA,Dōro
35.6547589,139.7451533,ChIJ8cuMeLyLGGARtjB6hSbguDA,Dōro
35.654730799999996,139.7453095,ChIJ8cuMeLyLGGARtjB6hSbguDA,Dōro
35.6547171,139.7453708,ChIJ8cuMeLyLGGARtjB6hSbguDA,Dōro
35.6547171,139.7453708,ChIJQff4iLuLGGARoie5BG-zbpQ,Metropolitan Expressway Inner Circular Route
35.6546989,139.7454521,ChIJQff4iLuLGGARoie5BG-zbpQ,Metropolitan Expressway Inner Circular Route
35.6546729,139.7455358,ChIJQff4iLuLGGARoie5BG-zbpQ,Metropolitan Expressway Inner Circular Route
35.654656599999996,139.74558109999998,ChIJQff4iLuLGGARoie5BG-zbpQ,Metropolitan Expressway Inner Circular Route
35.6546351,139.7456307,ChIJQff4iLuLGGARoie5BG-zbpQ,Metropolitan Expressway Inner Circular Route
35.6546058,139.7456928,ChIJQff4iLuLGGARoie5BG-zbpQ,Metropolitan Expressway Inner Circular Route
35.6545759,139.7457428,ChIJQff4iLuLGGARoie5BG-zbpQ,Metropolitan Expressway Inner Circular Route
35.6545759,139.7457428,ChIJdZMJjbuLGGARcDGPvkL2Scs,Metropolitan Expressway Inner Circular Route
35.65449791568168,139.74585786031494,ChIJdZMJjbuLGGARcDGPvkL2Scs,Metropolitan Expressway Inner Circular Route
35.6544884,139.7458719,ChIJdZMJjbuLGGARcDGPvkL2Scs,Metropolitan Expressway Inner Circular Route
35.6544884,139.7458719,ChIJ9-Ps7LuLGGAR3EOMNrfUIHo,Metropolitan Expressway Inner Circular Route
35.654321700000004,139.746069,ChIJ9-Ps7LuLGGAR3EOMNrfUIHo,Metropolitan Expressway Inner Circular Route
35.65420340000001,139.7461874,ChIJ9-Ps7LuLGGAR3EOMNrfUIHo,Metropolitan Expressway Inner Circular Route
35.6541536,139.7462397,ChIJ9-Ps7LuLGGAR3EOMNrfUIHo,Metropolitan Expressway Inner Circular Route
35.6541536,139.7462397,ChIJP_X9wruLGGARnFxHEE0xjPg,Unnamed Road
35.65411170000001,139.7463608,ChIJP_X9wruLGGARnFxHEE0xjPg,Unnamed Road
35.6540824,139.7464111,ChIJP_X9wruLGGARnFxHEE0xjPg,Unnamed Road
35.654064,139.74642699999998,ChIJP_X9wruLGGARnFxHEE0xjPg,Unnamed Road
35.653852,139.7466307,ChIJP_X9wruLGGARnFxHEE0xjPg,Unnamed Road
35.653819899999995,139.7466626,ChIJP_X9wruLGGARnFxHEE0xjPg,Unnamed Road
35.65370730000001,139.7467815,ChIJP_X9wruLGGARnFxHEE0xjPg,Unnamed Road
35.6536504,139.74685359999998,ChIJP_X9wruLGGARnFxHEE0xjPg,Unnamed Road
35.6536504,139.74685359999998,ChIJ54aLfbmLGGAREf2onw2-cX4,Unnamed Road
35.6536504,139.74685359999998,ChIJ54aLfbmLGGAREf2onw2-cX4,Unnamed Road
35.6535694,139.7469712,ChIJ54aLfbmLGGAREf2onw2-cX4,Unnamed Road
35.653498,139.74712159999999,ChIJ54aLfbmLGGAREf2onw2-cX4,Unnamed Road
35.6534727,139.7471941,ChIJ54aLfbmLGGAREf2onw2-cX4,Unnamed Road
35.653465,139.747231,ChIJ54aLfbmLGGAREf2onw2-cX4,Unnamed Road
35.65345279999999,139.7473153,ChIJ54aLfbmLGGAREf2onw2-cX4,Unnamed Road
35.6534553,139.7474418,ChIJ54aLfbmLGGAREf2onw2-cX4,Unnamed Road
35.6534611,139.7474913,ChIJ54aLfbmLGGAREf2onw2-cX4,Unnamed Road
35.653470999999996,139.74753600000003,ChIJ54aLfbmLGGAREf2onw2-cX4,Unnamed Road
35.6534866,139.7475948,ChIJ54aLfbmLGGAREf2onw2-cX4,Unnamed Road
35.65351509999999,139.7476541,ChIJ54aLfbmLGGAREf2onw2-cX4,Unnamed Road
35.653515383569946,139.74765453700823,ChIJ54aLfbmLGGAREf2onw2-cX4,Unnamed Road
35.6535443,139.7476991,ChIJ54aLfbmLGGAREf2onw2-cX4,Unnamed Road
35.65357349999999,139.7477319,ChIJ54aLfbmLGGAREf2onw2-cX4,Unnamed Road
35.6536219,139.7477711,ChIJ54aLfbmLGGAREf2onw2-cX4,Unnamed Road
35.653635,139.7477784,ChIJ54aLfbmLGGAREf2onw2-cX4,Unnamed Road
35.653635,139.7477784,ChIJ54aLfbmLGGARJ8eO020lpKQ,Unnamed Road
35.6536538,139.7477927,ChIJ54aLfbmLGGARJ8eO020lpKQ,Unnamed Road
35.6536782,139.74780479999998,ChIJ54aLfbmLGGARJ8eO020lpKQ,Unnamed Road
35.6537056,139.74781249999998,ChIJ54aLfbmLGGARJ8eO020lpKQ,Unnamed Road
35.6537451,139.7478178,ChIJ54aLfbmLGGARJ8eO020lpKQ,Unnamed Road
35.6537451,139.7478178,ChIJg97mermLGGARclKI8QOG70Q,Unnamed Road
35.653820599999996,139.7478291,ChIJg97mermLGGARclKI8QOG70Q,Unnamed Road
35.65403679999999,139.74783539999999,ChIJg97mermLGGARclKI8QOG70Q,Unnamed Road
35.6540915,139.74783900000003,ChIJg97mermLGGARclKI8QOG70Q,Unnamed Road
35.6540915,139.74783900000003,ChIJHZGvZbmLGGARNqZ0q5tTt0w,Unnamed Road
35.6542374,139.7478964,ChIJHZGvZbmLGGARNqZ0q5tTt0w,Unnamed Road
35.6542374,139.7478964,ChIJHWpwcrmLGGARBrrYClthtes,Dōro
35.6542106,139.7481486,ChIJHWpwcrmLGGARBrrYClthtes,Dōro
35.6542106,139.7481486,ChIJSXPCcrmLGGARIqb-ytHfc7U,Dōro
35.654142799999995,139.7487308,ChIJSXPCcrmLGGARIqb-ytHfc7U,Dōro
35.654142799999995,139.7487308,ChIJSXPCcrmLGGARKNApDnE1oE8,Tōkyō Prefectural Route 319
35.6541267,139.7488779,ChIJSXPCcrmLGGARKNApDnE1oE8,Tōkyō Prefectural Route 319
35.6541267,139.7488779,ChIJtaj1CLmLGGAR7uWoxRVD0Ok,Dōro
35.654098499999996,139.7491005,ChIJtaj1CLmLGGAR7uWoxRVD0Ok,Dōro
35.654098499999996,139.7491005,ChIJx2SaB7mLGGAR6sl_cWqrZZA,Dōro
35.654083199999995,139.74923909999998,ChIJx2SaB7mLGGAR6sl_cWqrZZA,Dōro
35.654083199999995,139.74923909999998,ChIJx2SaB7mLGGAR9-WEbE9259g,Dōro
35.6540601,139.7494798,ChIJx2SaB7mLGGAR9-WEbE9259g,Dōro
35.6540601,139.7494798,ChIJeW7_qrmLGGAR0sBms07Uw58,Dōro
35.6540454,139.74966329999998,ChIJeW7_qrmLGGAR0sBms07Uw58,Dōro
35.654037599999995,139.7497846,ChIJeW7_qrmLGGAR0sBms07Uw58,Dōro
35.654037599999995,139.7497846,ChIJBW0mq7mLGGAR6t-DzFHjTmc,Tōkyō Prefectural Route 319
35.6540378,139.7498938,ChIJBW0mq7mLGGAR6t-DzFHjTmc,Tōkyō Prefectural Route 319
35.6540378,139.7498938,ChIJpfxSq7mLGGARZHwgQIBVH6U,Hibiya-dori Avenue
35.65387972538403,139.74987319014616,ChIJpfxSq7mLGGARZHwgQIBVH6U,Hibiya-dori Avenue
35.65387750000001,139.74987289999999,ChIJpfxSq7mLGGARZHwgQIBVH6U,Hibiya-dori Avenue
35.65387750000001,139.74987289999999,ChIJ26YJs7mLGGARXc9-huSatPU,Hibiya-dori Avenue
35.653551199999995,139.7498238,ChIJ26YJs7mLGGARXc9-huSatPU,Hibiya-dori Avenue
35.6534583,139.7498115,ChIJ26YJs7mLGGARXc9-huSatPU,Hibiya-dori Avenue
35.6534583,139.7498115,ChIJGQ5Cs7mLGGARm7thR6VOSYM,Hibiya-dori Avenue
35.6533871,139.74980019999998,ChIJGQ5Cs7mLGGARm7thR6VOSYM,Hibiya-dori Avenue
35.6533871,139.74980019999998,ChIJ_fGUtLmLGGARJquhl_YZLqM,Hibiya-dori Avenue
35.6532853,139.74978489999998,ChIJ_fGUtLmLGGARJquhl_YZLqM,Hibiya-dori Avenue
35.6532549,139.7497781,ChIJ_fGUtLmLGGARJquhl_YZLqM,Hibiya-dori Avenue
35.6532549,139.7497781,ChIJ_fGUtLmLGGARmmlMMT2ZyDM,Shibazono Bridge
35.65318279999999,139.7497718,ChIJ_fGUtLmLGGARmmlMMT2ZyDM,Shibazono Bridge
35.65318279999999,139.7497718,ChIJn69YyrmLGGARpG1-y1-hVsU,Shibazono Bridge
35.65296449999999,139.7497385,ChIJn69YyrmLGGARpG1-y1-hVsU,Shibazono Bridge
35.65296449999999,139.7497385,ChIJn69YyrmLGGARSYjA4fEQyv0,Dōro
35.652705,139.74969289999999,ChIJn69YyrmLGGARSYjA4fEQyv0,Dōro
35.652705,139.74969289999999,ChIJcZg_zLmLGGARH-Bh75QFh5g,Hibiya-dori Avenue
35.6525763,139.7496672,ChIJcZg_zLmLGGARH-Bh75QFh5g,Hibiya-dori Avenue
35.6525763,139.7496672,ChIJ0dK7zbmLGGAREehvVRz-G4k,Hibiya-dori Avenue
35.6524662,139.7496485,ChIJ0dK7zbmLGGAREehvVRz-G4k,Hibiya-dori Avenue
35.6524662,139.7496485,ChIJsdE-0rmLGGARpXtx9lnG1iY,Hibiya-dori Avenue
35.6521757,139.7495992,ChIJsdE-0rmLGGARpXtx9lnG1iY,Hibiya-dori Avenue
35.6521757,139.7495992,ChIJyS-l1rmLGGARjW1ndHfe8go,Hibiya-dori Avenue
35.651893699999995,139.7495473,ChIJyS-l1rmLGGARjW1ndHfe8go,Hibiya-dori Avenue
35.651893699999995,139.7495473,ChIJ03G-fbeLGGAR6pL5q2uBzJU,Hibiya-dori Avenue
35.6515384,139.7494905,ChIJ03G-fbeLGGAR6pL5q2uBzJU,Hibiya-dori Avenue
35.65148879999999,139.749481,ChIJ03G-fbeLGGAR6pL5q2uBzJU,Hibiya-dori Avenue
35.65148879999999,139.749481,ChIJv6BocLeLGGAR2wrzjb5NqpQ,Hibiya-dori Avenue
35.6509174,139.7493849,ChIJv6BocLeLGGAR2wrzjb5NqpQ,Hibiya-dori Avenue
35.6506925,139.7493484,ChIJv6BocLeLGGAR2wrzjb5NqpQ,Hibiya-dori Avenue
35.6506925,139.7493484,ChIJs3fIcreLGGARP_hdlG46KdY,Hibiya-dori Avenue
35.65057040000001,139.7493115,ChIJs3fIcreLGGARP_hdlG46KdY,Hibiya-dori Avenue
35.650569799333375,139.74931136640512,ChIJs3fIcreLGGARP_hdlG46KdY,Hibiya-dori Avenue
